<?xml version="1.0"?>
<data grt_format="2.0">
  <value _ptr_="0x29b73d0" type="list" content-type="object" content-struct-name="db.mgmt.Connection">
    <value type="object" struct-name="db.mgmt.Connection" id="861c565a-6060-11ea-a5a5-78e400499619" struct-checksum="0x96ba47d8">
      <link type="object" struct-name="db.mgmt.Driver" key="driver">com.mysql.rdbms.mysql.driver.native</link>
      <value type="string" key="hostIdentifier">Mysql@localhost:3306</value>
      <value type="int" key="isDefault">1</value>
      <value _ptr_="0x2a70210" type="dict" key="modules"/>
      <value _ptr_="0x2a702a0" type="dict" key="parameterValues">
        <value type="string" key="DbSqlEditor:LastDefaultSchema"></value>
        <value type="string" key="SQL_MODE"></value>
        <value type="string" key="hostName">localhost</value>
        <value type="int" key="lastConnected">1597488489</value>
        <value type="string" key="password"></value>
        <value type="int" key="port">3306</value>
        <value type="string" key="schema"></value>
        <value type="string" key="serverVersion">5.7.31-0ubuntu0.16.04.1</value>
        <value type="string" key="sslCA"></value>
        <value type="string" key="sslCert"></value>
        <value type="string" key="sslCipher"></value>
        <value type="string" key="sslKey"></value>
        <value type="int" key="useSSL">1</value>
        <value type="string" key="userName">root</value>
      </value>
      <value type="string" key="name">Local instance 3306</value>
      <link type="object" struct-name="GrtObject" key="owner">c8e25c35-dee4-11ea-86e6-78e400499619</link>
    </value>
  </value>
</data>
