<?xml version="1.0"?>
<data grt_format="2.0">
  <value _ptr_="0x29b7030" type="list" content-type="object" content-struct-name="db.mgmt.ServerInstance">
    <value type="object" struct-name="db.mgmt.ServerInstance" id="861c5659-6060-11ea-a5a5-78e400499619" struct-checksum="0x367436e2">
      <link type="object" struct-name="db.mgmt.Connection" key="connection">861c565a-6060-11ea-a5a5-78e400499619</link>
      <value _ptr_="0x2a70560" type="dict" key="loginInfo"/>
      <value _ptr_="0x2a705f0" type="dict" key="serverInfo">
        <value type="int" key="setupPending">1</value>
        <value type="string" key="sys.config.path"></value>
        <value type="string" key="sys.config.section">mysqld</value>
        <value type="string" key="sys.preset">Custom</value>
        <value type="string" key="sys.system">Linux</value>
      </value>
      <value type="string" key="name">Local 3306</value>
    </value>
  </value>
</data>
